{"train/loss": 0.309, "train/learning_rate": 1.3705583756345178e-06, "train/epoch": 3.0, "train/global_step": 1095, "_timestamp": 1697103246.9378, "_runtime": 2325.9282698631287, "_step": 32, "eval/loss": 0.87319016456604, "eval/runtime": 20.1434, "eval/samples_per_second": 49.644, "eval/steps_per_second": 3.128, "train/train_runtime": 2304.6083, "train/train_samples_per_second": 15.203, "train/train_steps_per_second": 0.475, "train/total_flos": 3.2651968852417536e+16, "train/train_loss": 0.692802969179197, "_wandb": {"runtime": 2345}}