{"train/loss": 0.3518, "train/learning_rate": 1.3705583756345178e-06, "train/epoch": 3.0, "train/global_step": 1095, "_timestamp": 1697112609.8546755, "_runtime": 2352.660452604294, "_step": 32, "eval/loss": 0.8196806311607361, "eval/runtime": 20.1356, "eval/samples_per_second": 49.663, "eval/steps_per_second": 3.129, "train/train_runtime": 2332.4925, "train/train_samples_per_second": 15.021, "train/train_steps_per_second": 0.469, "train/total_flos": 3.2651968852417536e+16, "train/train_loss": 0.7403869498265933, "_wandb": {"runtime": 2372}}